hillslopeprof,cogeomdkey,cosurfmorhppkey
Toeslope,31389490,13101203
Toeslope,31389491,13101204
Footslope,31389491,13101205
Toeslope,31389493,13101207
Toeslope,31389494,13101208
Toeslope,31389495,13101209
Toeslope,31389505,13101210
Toeslope,31389506,13101211
Toeslope,31389515,13101224
Toeslope,31389516,13101225
Toeslope,31389569,13101269
Toeslope,31389570,13101270
Toeslope,31389572,13101271
Toeslope,31389580,13101276
Toeslope,31389791,13101565
Toeslope,31389792,13101566
Footslope,31389792,13101567
Toeslope,31389839,13101574
Toeslope,31389840,13101575
Toeslope,31389841,13101576
Toeslope,31389842,13101577
Toeslope,31389861,13101597
Toeslope,31389871,13101607
Toeslope,31389872,13101608
